{
  "Almaty": [
    43.2363924,
    76.9457275
  ],
  "Amritsar": [
    31.6356659,
    74.8787496
  ],
  "Bangkok": [
    13.7524938,
    100.4935089
  ],
  "Beijing": [
    40.190632,
    116.412144
  ],
  "Belgrade": [
    44.8178131,
    20.4568974
  ],
  "Bishkek": [
    42.8761424,
    74.6036724
  ],
  "Bukhara": [
    39.7759835,
    64.415153
  ],
  "Bulawayo": [
    -20.1053948,
    28.5426856
  ],
  "Cape Town": [
    -33.9288301,
    18.4172197
  ],
  "Chiang Mai": [
    18.7882778,
    98.9858802
  ],
  "Delhi": [
    28.6273928,
    77.1716954
  ],
  "Dushanbe": [
    38.5856814,
    68.760331
  ],
  "Gweru": [
    -19.4616316,
    29.8205953
  ],
  "Hanoi": [
    21.0283334,
    105.854041
  ],
  "Harare": [
    -17.8567035,
    31.0601584
  ],
  "Hendaye": [
    43.3641518,
    -1.7616499
  ],
  "Ho Chi Minh": [
    10.7763897,
    106.7011391
  ],
  "Irkutsk": [
    52.2891225,
    104.279829
  ],
  "Istanbul": [
    41.006381,
    28.9758715
  ],
  "Johannesburg": [
    -26.205,
    28.049722
  ],
  "Johor Bahru": [
    1.4581986,
    103.7649059
  ],
  "KL": [
    10.3528744,
    76.5120396
  ],
  "Kuala Lumpur": [
    3.1526589,
    101.7022205
  ],
  "Kunming": [
    25.0363006,
    102.7086139
  ],
  "Lagos (Portugal)": [
    37.1027964,
    -8.6728689
  ],
  "Lahore": [
    31.5656822,
    74.3141829
  ],
  "Lisbon": [
    38.7077507,
    -9.1365919
  ],
  "Livingstone": [
    -17.853135,
    25.861429
  ],
  "Ljubljana": [
    46.0500268,
    14.5069289
  ],
  "London": [
    51.4893335,
    -0.1440551
  ],
  "Lusaka": [
    -15.4163395,
    28.2818414
  ],
  "Maputo": [
    -25.966213,
    32.56745
  ],
  "Milan": [
    45.4641943,
    9.1896346
  ],
  "Moscow": [
    55.625578,
    37.6063916
  ],
  "New York": [
    40.7127281,
    -74.0060152
  ],
  "Nong Khai": [
    17.9301421,
    102.4649809
  ],
  "Padang Besar": [
    6.6626841,
    100.3201982
  ],
  "Paris": [
    48.8588897,
    2.320041
  ],
  "Phnom Penh": [
    11.5730391,
    104.857807
  ],
  "Pretoria": [
    -25.7459277,
    28.1879101
  ],
  "Quetta": [
    30.1957677,
    67.0172447
  ],
  "Samarkand": [
    39.6550017,
    66.9756954
  ],
  "Singapore": [
    1.357107,
    103.8194992
  ],
  "Sofia": [
    42.6977028,
    23.3217359
  ],
  "Southampton": [
    50.9025349,
    -1.404189
  ],
  "Tashkent": [
    41.3123363,
    69.2787079
  ],
  "Tehran": [
    35.6892523,
    51.3896004
  ],
  "Thanaleng": [
    17.9033866,
    102.7096702
  ],
  "Ulaanbaatar": [
    47.9184676,
    106.9177016
  ],
  "Victoria Falls": [
    -17.922895,
    25.8476849
  ],
  "Vientiane": [
    17.9640988,
    102.6133707
  ],
  "Woodlands (Singapore)": [
    1.436897,
    103.786216
  ],
  "Yekaterinburg": [
    56.839104,
    60.60825
  ],
  "Zahedan": [
    29.4928874,
    60.8503017
  ],
  "Astana": [
    51.1159933,
    71.4677059
  ],
  "Khiva": [
    41.3776893,
    60.3620006
  ],
  "\u00dcr\u00fcmqi": [
    43.8244074,
    87.6139038
  ]
}